Tweet Text,Tweet Datetime,Tweet Id,Twitter @ Name,Tweet Coordinates,Place Info,Retweets,Favorites,Language,Source,Replied Tweet Id,Replied Tweet User Id Str,Quote Status Bool
"RT @CNN: As trays with bologna sandwiches and canned fruit are being served to millions of people in America's prisons and jails, US Capito‚Ä¶",2021-02-09 23:37:18,1359285273989951489,thnkflagnostic,,,1966,0,en,Twitter for iPad,,,False
"RT @CNN: As trays with bologna sandwiches and canned fruit are being served to millions of people in America's prisons and jails, US Capito‚Ä¶",2021-02-09 23:37:15,1359285262606503936,Montgomery_bjm,,,1966,0,en,Twitter for iPhone,,,False
RT @BAMayer427: @krystalball We‚Äôre all getting poisoned and regulators are looking the other way. Our water is crap. Our soil is full of cr‚Ä¶,2021-02-09 23:37:13,1359285253400125440,elzaphan10,,,2,0,en,,,,False
RT @BAMayer427: @krystalball We‚Äôre all getting poisoned and regulators are looking the other way. Our water is crap. Our soil is full of cr‚Ä¶,2021-02-09 23:37:07,1359285230675263488,sar_oso,,,2,0,en,Twitter for Android,,,False
"RT @CNN: As trays with bologna sandwiches and canned fruit are being served to millions of people in America's prisons and jails, US Capito‚Ä¶",2021-02-09 23:37:05,1359285219484987398,BeatriceSuther1,,,1966,0,en,Twitter Web App,,,False
RT @odnehlb: I made Arlo a whole bunch of baby food today with organic fruits and vegetables... can‚Äôt wait for her to try them ü•∫,2021-02-09 23:36:52,1359285165013536774,elzaphan10,,,1,0,en,,,,False
I made Arlo a whole bunch of baby food today with organic fruits and vegetables... can‚Äôt wait for her to try them ü•∫,2021-02-09 23:36:46,1359285142292955136,odnehlb,,,1,0,en,Twitter for iPhone,,,False
"RT @TiffanyDCross: Remember- some ppl you just saw in that video are home resting comfortably, or back in their offices (don't believe the‚Ä¶",2021-02-09 23:36:36,1359285098546397187,theotherlanette,,,1426,0,en,Twitter for iPhone,,,False
"RT @CNN: As trays with bologna sandwiches and canned fruit are being served to millions of people in America's prisons and jails, US Capito‚Ä¶",2021-02-09 23:36:18,1359285021773807617,thegopplaybook,,,1966,0,en,Twitter for iPhone,,,False
"RT @TiffanyDCross: Remember- some ppl you just saw in that video are home resting comfortably, or back in their offices (don't believe the‚Ä¶",2021-02-09 23:35:50,1359284904903794689,4TurtleIsland,,,1426,0,en,Twitter Web App,,,False
"RT @TiffanyDCross: Remember- some ppl you just saw in that video are home resting comfortably, or back in their offices (don't believe the‚Ä¶",2021-02-09 23:35:50,1359284903985242113,mj_burger,,,1426,0,en,Twitter for Android,,,False
"RT @TiffanyDCross: Remember- some ppl you just saw in that video are home resting comfortably, or back in their offices (don't believe the‚Ä¶",2021-02-09 23:35:35,1359284844719710209,eallenbr112,,,1426,0,en,Twitter for Android,,,False
"RT @TiffanyDCross: Remember- some ppl you just saw in that video are home resting comfortably, or back in their offices (don't believe the‚Ä¶",2021-02-09 23:35:19,1359284776381857794,ShilzNihilz,,,1426,0,en,Twitter for Android,,,False
RT @tomaskenn: ‚ÄúQanon shaman‚Äù who participated in insurrection at U.S. Capitol that left several dead will eat organic food while in jail.‚Ä¶,2021-02-09 23:35:12,1359284747348811776,Zaion_Solaris,,,226,0,en,Twitter for Android,,,False
"RT @VoLinxx: Terrill Thomas died in April 2016 after being denied water for seven days at Milwaukee County Jail.

Jacob Chansley stormed th‚Ä¶",2021-02-09 23:35:04,1359284712469102592,CozyWarmth,,,15207,0,en,Twitter Web App,,,False
"RT @TiffanyDCross: Remember- some ppl you just saw in that video are home resting comfortably, or back in their offices (don't believe the‚Ä¶",2021-02-09 23:34:39,1359284606927835138,BeQuotedbyASM,,,1426,0,en,Twitter for iPhone,,,False
"@cayman2016 @CNN Childhood hunger in the US has doubled, but @GOP doesn't care about that.. this jerk gets organic food in jail and another lunatic gets to go on a planned vacation!! It's crazy!!! #LockUpSeditionists #TrumpLiedPeopleDied",2021-02-09 23:34:29,1359284564586283008,Hyacint99624698,,,0,0,en,Twitter for Android,1358943439581310979,3257180000,False
"RT @CNN: As trays with bologna sandwiches and canned fruit are being served to millions of people in America's prisons and jails, US Capito‚Ä¶",2021-02-09 23:34:01,1359284448596905985,WhatSayK1,,,1966,0,en,Twitter for iPhone,,,False
"RT @TiffanyDCross: Remember- some ppl you just saw in that video are home resting comfortably, or back in their offices (don't believe the‚Ä¶",2021-02-09 23:33:44,1359284376060760066,Robirdie23,,,1426,0,en,Twitter for iPhone,,,False
"RT @CNN: As trays with bologna sandwiches and canned fruit are being served to millions of people in America's prisons and jails, US Capito‚Ä¶",2021-02-09 23:33:39,1359284358163611652,Bebes_Scrubs,,,1966,0,en,Twitter for iPad,,,False
RT @Debbie86896: @queers4pete1 @gtconway3d And eating organic food!,2021-02-09 23:33:29,1359284313704050689,sonnyvinnie,,,5,0,en,Twitter for iPhone,,,False
"RT @VoLinxx: Terrill Thomas died in April 2016 after being denied water for seven days at Milwaukee County Jail.

Jacob Chansley stormed th‚Ä¶",2021-02-09 23:33:27,1359284305944477696,K4JUSTICE,,,15207,0,en,Twitter for iPhone,,,False
"RT @TiffanyDCross: Remember- some ppl you just saw in that video are home resting comfortably, or back in their offices (don't believe the‚Ä¶",2021-02-09 23:33:20,1359284277364609026,JHBTX2017,,,1426,0,en,Twitter for iPhone,,,False
"RT @CNNPolitics: ""QAnon Shaman"" rioter will eat organic food, while most prisons and jails have reputation for serving food that is unhealt‚Ä¶",2021-02-09 23:32:58,1359284183458144256,Moore_patriciat,,,361,0,en,Twitter for iPhone,,,False
"RT @TiffanyDCross: Remember- some ppl you just saw in that video are home resting comfortably, or back in their offices (don't believe the‚Ä¶",2021-02-09 23:32:31,1359284073013915653,Mother_Rell,,,1426,0,en,Twitter for iPhone,,,False
@Hinder_Surprise @lorac328 I am sure you won't get organic food.,2021-02-09 23:32:13,1359283994014019587,Ylucero9,,,0,0,en,Twitter Web App,1358787568310104068,1113368618107113474,False
RT @juliadeann: First a judge allows a terrorist to take a vacation to Mexico..then a judge orders that one gets organic food and now a ter‚Ä¶,2021-02-09 23:32:05,1359283964033159168,HelloooBetty,,,3,0,en,Twitter for iPhone,,,False
"RT @CNN: As trays with bologna sandwiches and canned fruit are being served to millions of people in America's prisons and jails, US Capito‚Ä¶",2021-02-09 23:31:49,1359283896370647041,kweku76,,,1966,0,en,Twitter Web App,,,False
"RT @WinnerBrittany: LIVID: my sister #RealityWinner (whistleblower, US Air Force veteran, patriot) has politely requested but been repeated‚Ä¶",2021-02-09 23:31:44,1359283875671912449,JoeExecutive1,,,273,0,en,Twitter for iPhone,,,True
RT @juliadeann: First a judge allows a terrorist to take a vacation to Mexico..then a judge orders that one gets organic food and now a ter‚Ä¶,2021-02-09 23:31:23,1359283784521310209,elzaphan10,,,3,0,en,,,,False
"RT @CNN: As trays with bologna sandwiches and canned fruit are being served to millions of people in America's prisons and jails, US Capito‚Ä¶",2021-02-09 23:31:23,1359283784135233539,SleSharon,,,1966,0,en,Twitter Web App,,,False
First a judge allows a terrorist to take a vacation to Mexico..then a judge orders that one gets organic food and now a terrorist is asking a judge to let him go to Peru to get married? ü§¶üèª‚Äç‚ôÄÔ∏èü§¨,2021-02-09 23:31:17,1359283761658163201,juliadeann,,,3,4,en,Twitter for iPhone,,,False
"RT @ReneeAlida: Only in America do we reward stupidity with Mexican  vacations,  organic food and lawsuit settlements for using glue on you‚Ä¶",2021-02-09 23:31:05,1359283711867457536,sailorbill007,,,218,0,en,Twitter for Android,,,False
"RT @TiffanyDCross: Remember- some ppl you just saw in that video are home resting comfortably, or back in their offices (don't believe the‚Ä¶",2021-02-09 23:31:02,1359283696797442048,lovabelow98,,,1426,0,en,Twitter Web App,,,False
"RT @CNN: As trays with bologna sandwiches and canned fruit are being served to millions of people in America's prisons and jails, US Capito‚Ä¶",2021-02-09 23:31:01,1359283693760770049,MJScanz,,,1966,0,en,Twitter for iPad,,,False
"RT @SANTINORICE: I knew that would get your attention. 

Now, instead of arguing with me, why don‚Äôt you just change your diet?

Support you‚Ä¶",2021-02-09 23:30:51,1359283650915876866,Angel_y_Leon,,,3,0,en,Twitter for Android,,,False
"@ninaturner Boy, I'm glad I made my own baby food.  Steam your own organic veggies and run them through a mini-food processor.  But any extra in a tiny empty jar and freeze until needed.",2021-02-09 23:30:49,1359283642867023873,Diana4Democracy,,,0,0,en,Twitter Web App,1359281716003803139,188793260,False
"RT @TiffanyDCross: Remember- some ppl you just saw in that video are home resting comfortably, or back in their offices (don't believe the‚Ä¶",2021-02-09 23:30:46,1359283632544874503,skybridgereggie,,,1426,0,en,Twitter for Android,,,False
"RT @RubyWaves_: The horned Q guy is eating organic food at another prison, because he was starving himself. 

Another insurrectionist is gr‚Ä¶",2021-02-09 23:30:43,1359283620138029056,kristiwelshies,,,44,0,en,Twitter Web App,,,False
"RT @CNN: As trays with bologna sandwiches and canned fruit are being served to millions of people in America's prisons and jails, US Capito‚Ä¶",2021-02-09 23:30:28,1359283554144903168,Mountainjoy9,,,1966,0,en,Twitter for Android,,,False
"RT @TiffanyDCross: Remember- some ppl you just saw in that video are home resting comfortably, or back in their offices (don't believe the‚Ä¶",2021-02-09 23:29:46,1359283379233988609,dorimosher,,,1426,0,en,Twitter for Android,,,False
RT @tomaskenn: ‚ÄúQanon shaman‚Äù who participated in insurrection at U.S. Capitol that left several dead will eat organic food while in jail.‚Ä¶,2021-02-09 23:29:20,1359283269821423617,IzzyInCO,,,226,0,en,Twitter for Android,,,False
"RT @CNN: As trays with bologna sandwiches and canned fruit are being served to millions of people in America's prisons and jails, US Capito‚Ä¶",2021-02-09 23:29:17,1359283256303235080,kdaniels264,,,1966,0,en,Twitter for Android,,,False
RT @Quanastarr: I like when the churches give away food. Every time I get off work on mondays I say a long line around the block with ppl w‚Ä¶,2021-02-09 23:29:08,1359283221142323202,elzaphan10,,,1,0,en,,,,False
"I like when the churches give away food. Every time I get off work on mondays I say a long line around the block with ppl waiting for their organic veggies, if that line wasn‚Äôt long I would go get me some too.",2021-02-09 23:29:03,1359283198262452224,Quanastarr,,,1,0,en,Twitter for iPhone,,,False
"RT @TiffanyDCross: Remember- some ppl you just saw in that video are home resting comfortably, or back in their offices (don't believe the‚Ä¶",2021-02-09 23:28:52,1359283152779370496,ilyssa_danielle,,,1426,0,en,Twitter for iPhone,,,False
"RT @CNN: As trays with bologna sandwiches and canned fruit are being served to millions of people in America's prisons and jails, US Capito‚Ä¶",2021-02-09 23:28:28,1359283053885988867,jp_sox,,,1966,0,en,Twitter for Android,,,False
"RT @CNN: As trays with bologna sandwiches and canned fruit are being served to millions of people in America's prisons and jails, US Capito‚Ä¶",2021-02-09 23:28:18,1359283011125207040,Skylark_NC,,,1966,0,en,Twitter for iPhone,,,False
"RT @TiffanyDCross: Remember- some ppl you just saw in that video are home resting comfortably, or back in their offices (don't believe the‚Ä¶",2021-02-09 23:27:46,1359282877196881920,Dragonfish57,,,1426,0,en,Twitter for Android,,,False
"RT @TiffanyDCross: Remember- some ppl you just saw in that video are home resting comfortably, or back in their offices (don't believe the‚Ä¶",2021-02-09 23:27:29,1359282805340012546,browniiz71,,,1426,0,en,Twitter for Android,,,False
RT @tomaskenn: ‚ÄúQanon shaman‚Äù who participated in insurrection at U.S. Capitol that left several dead will eat organic food while in jail.‚Ä¶,2021-02-09 23:27:25,1359282786855645184,Daniel23Suarez,,,226,0,en,Twitter for iPhone,,,False
"RT @TiffanyDCross: Remember- some ppl you just saw in that video are home resting comfortably, or back in their offices (don't believe the‚Ä¶",2021-02-09 23:27:21,1359282772766990336,Mwheel9,,,1426,0,en,Twitter for Android,,,False
"RT @WinnerBrittany: LIVID: my sister #RealityWinner (whistleblower, US Air Force veteran, patriot) has politely requested but been repeated‚Ä¶",2021-02-09 23:27:04,1359282699731693570,KCloudK,,,273,0,en,Twitter for iPad,,,True
"RT @CNN: As trays with bologna sandwiches and canned fruit are being served to millions of people in America's prisons and jails, US Capito‚Ä¶",2021-02-09 23:26:59,1359282680081371144,patricia6424,,,1966,0,en,Twitter for Android,,,False
"RT @mrderekyang: Internal testing done by Gerber; Beech-Nut Nutrition Company; Nurture, Inc., which sells Happy Baby products; and Hain Cel‚Ä¶",2021-02-09 23:26:54,1359282659709628416,elzaphan10,,,1,0,en,,,,True
"Internal testing done by Gerber; Beech-Nut Nutrition Company; Nurture, Inc., which sells Happy Baby products; and Hain Celestial Group, Inc., which sells Earth's Best Organic baby food, showed levels of heavy metals far above¬†limits set for bottled water by the FDA¬†and the¬†USEPA https://t.co/lMca3o33XG",2021-02-09 23:26:49,1359282636800278530,mrderekyang,,,1,0,en,Twitter for Android,,,True
"RT @TiffanyDCross: Remember- some ppl you just saw in that video are home resting comfortably, or back in their offices (don't believe the‚Ä¶",2021-02-09 23:26:39,1359282594257461255,itsGabrielle_k,,,1426,0,en,Twitter for iPhone,,,False
RT @WillasKitchen: Thank you so much for highlighting Willa's Organic Oat Milk @FrancesLRothRD @TODAYshow !!! üòähttps://t.co/GsNiMscWHT via‚Ä¶,2021-02-09 23:26:38,1359282591493414915,elzaphan10,,,1,0,en,,,,False
Thank you so much for highlighting Willa's Organic Oat Milk @FrancesLRothRD @TODAYshow !!! üòähttps://t.co/GsNiMscWHT via @TODAYshow,2021-02-09 23:26:33,1359282568605143040,WillasKitchen,,,1,0,en,Twitter Web App,,,False
@Amy_Siskind No Mexico vacation? Any special organic food requests?,2021-02-09 23:26:25,1359282537810571265,eturner525,,,0,1,en,Twitter for Android,1359281717106868227,15976705,False
"RT @CNN: As trays with bologna sandwiches and canned fruit are being served to millions of people in America's prisons and jails, US Capito‚Ä¶",2021-02-09 23:26:20,1359282515807207424,flemingdrx,,,1966,0,en,Twitter for Android,,,False
"RT @TiffanyDCross: Remember- some ppl you just saw in that video are home resting comfortably, or back in their offices (don't believe the‚Ä¶",2021-02-09 23:25:56,1359282412761608192,NeoNails45,,,1426,0,en,Twitter for iPhone,,,False
RT @jerseabeachlvr: @AyannaPressley Shameful. And now our system of injustice is feeding insurrectionists organic food and letting them vac‚Ä¶,2021-02-09 23:25:41,1359282352304840710,GeorgiaPeach177,,,10,0,en,Twitter for Android,,,False
"RT @CyndyinFL: C'mon now - white privilege much?! First, the woman who has a pre-planned trip to Mexico - TOUGH SHIT! And the horned QAnon‚Ä¶",2021-02-09 23:25:39,1359282344310562816,elzaphan10,,,1,0,en,,,,True
"C'mon now - white privilege much?! First, the woman who has a pre-planned trip to Mexico - TOUGH SHIT! And the horned QAnon ""shaman"" going on a hunger strike until he got organic food?? WTH is going on?

Totally disgusting! https://t.co/9UevSB4UZ4",2021-02-09 23:25:34,1359282321195732994,CyndyinFL,,,1,0,en,Twitter Web App,,,True
"@t_sassenach @CNN Exactly! People are in food lines and this POS demands and gets an organic diet... @GOP...this is your base...people are dying, jobless and homeless because of Trump's incompetence and this guy needs organic food? What is wrong with you people???",2021-02-09 23:25:27,1359282291680370689,Hyacint99624698,,,0,0,en,Twitter for Android,1358986256810577922,25461870,False
RT @tomaskenn: ‚ÄúQanon shaman‚Äù who participated in insurrection at U.S. Capitol that left several dead will eat organic food while in jail.‚Ä¶,2021-02-09 23:25:24,1359282279982465027,Tanya_RBLee,,,226,0,en,Twitter for Android,,,False
"RT @CNN: As trays with bologna sandwiches and canned fruit are being served to millions of people in America's prisons and jails, US Capito‚Ä¶",2021-02-09 23:25:20,1359282263138185216,WestonSara1,,,1966,0,en,Twitter for iPad,,,False
RT @jerseabeachlvr: @AyannaPressley Shameful. And now our system of injustice is feeding insurrectionists organic food and letting them vac‚Ä¶,2021-02-09 23:25:14,1359282237901045763,According2MJ,,,10,0,en,Twitter for Android,,,False
"RT @WinnerBrittany: LIVID: my sister #RealityWinner (whistleblower, US Air Force veteran, patriot) has politely requested but been repeated‚Ä¶",2021-02-09 23:24:44,1359282110356328450,girls_smarter,,,273,0,en,Twitter Web App,,,True
RT @tomaskenn: ‚ÄúQanon shaman‚Äù who participated in insurrection at U.S. Capitol that left several dead will eat organic food while in jail.‚Ä¶,2021-02-09 23:24:35,1359282074587435008,Taylorkm14,,,226,0,en,Twitter for iPhone,,,False
"RT @TiffanyDCross: Remember- some ppl you just saw in that video are home resting comfortably, or back in their offices (don't believe the‚Ä¶",2021-02-09 23:24:27,1359282039652904964,CardLinda,,,1426,0,en,Twitter for iPhone,,,False
RT @tomaskenn: ‚ÄúQanon shaman‚Äù who participated in insurrection at U.S. Capitol that left several dead will eat organic food while in jail.‚Ä¶,2021-02-09 23:24:19,1359282008808189953,queenolympiaa,,,226,0,en,Twitter Web App,,,False
"RT @TiffanyDCross: Remember- some ppl you just saw in that video are home resting comfortably, or back in their offices (don't believe the‚Ä¶",2021-02-09 23:24:06,1359281954433212422,jenpennock,,,1426,0,en,Twitter for iPhone,,,False
"RT @TiffanyDCross: Remember- some ppl you just saw in that video are home resting comfortably, or back in their offices (don't believe the‚Ä¶",2021-02-09 23:24:06,1359281951048425474,thebouncingbird,,,1426,0,en,Twitter Web App,,,False
RT @tomaskenn: ‚ÄúQanon shaman‚Äù who participated in insurrection at U.S. Capitol that left several dead will eat organic food while in jail.‚Ä¶,2021-02-09 23:23:56,1359281911248523266,CorinaRey,,,226,0,en,Twitter for iPhone,,,False
"RT @CNN: As trays with bologna sandwiches and canned fruit are being served to millions of people in America's prisons and jails, US Capito‚Ä¶",2021-02-09 23:23:47,1359281872317120513,drfarmertx,,,1966,0,en,Twitter for iPhone,,,False
"RT @CNN: As trays with bologna sandwiches and canned fruit are being served to millions of people in America's prisons and jails, US Capito‚Ä¶",2021-02-09 23:23:39,1359281840457093125,FishyOne5,,,1966,0,en,Twitter for Android,,,False
RT @tomaskenn: ‚ÄúQanon shaman‚Äù who participated in insurrection at U.S. Capitol that left several dead will eat organic food while in jail.‚Ä¶,2021-02-09 23:23:32,1359281811243761664,KTS_Stories,,,226,0,en,Twitter for iPhone,,,False
"@oheldon @dewk_s @NotTheRealOpus @AP Qanon insurgent will get his organic food especially prepared and will be given another chance, as asked. Does one need a hint to who‚Äôs white, who‚Äôs black in the story? If yes, there‚Äôs plenty of data out, you don‚Äôt need to read a single case in particular, just the graphs.",2021-02-09 23:23:31,1359281805367660551,InigoMo80894425,,,0,0,en,Twitter for iPhone,1359279449682956292,1291103705249587205,False
RT @NOtoGMOs: @RobertKennedyJr @DJSiri And you can be sure he'll be supporting #GMO and #CRISPR  technologies.  Buy #organic food if you ar‚Ä¶,2021-02-09 23:23:28,1359281793002840066,elzaphan10,,,4,0,en,,,,False
"RT @CNN: As trays with bologna sandwiches and canned fruit are being served to millions of people in America's prisons and jails, US Capito‚Ä¶",2021-02-09 23:23:27,1359281788007288832,WeirMB,,,1966,0,en,Twitter for iPhone,,,False
RT @NOtoGMOs: @RobertKennedyJr @DJSiri And you can be sure he'll be supporting #GMO and #CRISPR  technologies.  Buy #organic food if you ar‚Ä¶,2021-02-09 23:23:22,1359281770202619904,annika1021,,,4,0,en,Twitter for Android,,,False
"RT @ReneeAlida: Only in America do we reward stupidity with Mexican  vacations,  organic food and lawsuit settlements for using glue on you‚Ä¶",2021-02-09 23:23:17,1359281748505485316,GrannyBLUE4,,,218,0,en,Twitter for Android,,,False
"RT @TiffanyDCross: Remember- some ppl you just saw in that video are home resting comfortably, or back in their offices (don't believe the‚Ä¶",2021-02-09 23:23:03,1359281687847403523,baker_brittany_,,,1426,0,en,Twitter for iPhone,,,False
"RT @TiffanyDCross: Remember- some ppl you just saw in that video are home resting comfortably, or back in their offices (don't believe the‚Ä¶",2021-02-09 23:23:01,1359281678410276870,sasslyn_,,,1426,0,en,Twitter Web App,,,False
"RT @CNN: As trays with bologna sandwiches and canned fruit are being served to millions of people in America's prisons and jails, US Capito‚Ä¶",2021-02-09 23:22:38,1359281584197804039,DeborahFordJohn,,,1966,0,en,Twitter for iPad,,,False
"RT @candies2639: 'QAnon Shaman' rioter will eat organic food, while most prisons and jails have reputation for serving food that is unhealt‚Ä¶",2021-02-09 23:22:35,1359281572889911307,Krickette01,,,5,0,en,Twitter Web App,,,False
"RT @CNN: As trays with bologna sandwiches and canned fruit are being served to millions of people in America's prisons and jails, US Capito‚Ä¶",2021-02-09 23:22:16,1359281491797102593,cblazblaz,,,1966,0,en,Twitter for iPhone,,,False
RT @tomaskenn: ‚ÄúQanon shaman‚Äù who participated in insurrection at U.S. Capitol that left several dead will eat organic food while in jail.‚Ä¶,2021-02-09 23:21:50,1359281384150478848,bnmazie,,,226,0,en,Twitter for iPhone,,,False
"RT @MaryBur63637674: @FozzieBear88 @ResisterSis20 @glennkirschner2 @MSNBC Insurrection means you get organic food in jail, and vacation to‚Ä¶",2021-02-09 23:21:38,1359281333873373186,elzaphan10,,,50,0,en,,,,False
"RT @MaryBur63637674: @FozzieBear88 @ResisterSis20 @glennkirschner2 @MSNBC Insurrection means you get organic food in jail, and vacation to‚Ä¶",2021-02-09 23:21:33,1359281310989230080,Onward01609988,,,50,0,en,Twitter for iPhone,,,False
"RT @TiffanyDCross: Remember- some ppl you just saw in that video are home resting comfortably, or back in their offices (don't believe the‚Ä¶",2021-02-09 23:21:27,1359281285714366464,anncsborne,,,1426,0,en,Twitter for iPhone,,,False
@nypost He won't get to go to Mexico or have organic food I bet.,2021-02-09 23:21:08,1359281205426999297,YvetteIam,,,0,0,en,Twitter Web App,1359188744205709312,17469289,False
RT @tomaskenn: ‚ÄúQanon shaman‚Äù who participated in insurrection at U.S. Capitol that left several dead will eat organic food while in jail.‚Ä¶,2021-02-09 23:20:46,1359281113600958465,TheCiroth,,,226,0,en,Twitter Web App,,,False
"RT @jaydotp96: working with people who care about organic, healthy sustainable food is awesome. spent half my shift giving out bread to the‚Ä¶",2021-02-09 23:20:13,1359280973872050178,elzaphan10,,,1,0,en,,,,False
"working with people who care about organic, healthy sustainable food is awesome. spent half my shift giving out bread to the homeless in my neighboorhood. the clean food movement doesnt discriminate, if done right every needs cheap access to good food and the owners stand by that",2021-02-09 23:20:07,1359280950991937541,jaydotp96,,,1,0,en,Twitter Web App,,,False
"RT @AgBioWorld: Organic Food: Not safer, better nutritionally, or likely produced by small, local farm, Robert Paarlberg argues in new book‚Ä¶",2021-02-09 23:19:43,1359280850521780226,elzaphan10,,,59,0,en,,,,False
"RT @AgBioWorld: Organic Food: Not safer, better nutritionally, or likely produced by small, local farm, Robert Paarlberg argues in new book‚Ä¶",2021-02-09 23:19:38,1359280827633401857,christinabracey,,,59,0,en,Twitter for Android,,,False
RT @tomaskenn: ‚ÄúQanon shaman‚Äù who participated in insurrection at U.S. Capitol that left several dead will eat organic food while in jail.‚Ä¶,2021-02-09 23:19:33,1359280808897335296,ubi248,,,226,0,en,Twitter for Android,,,False
"RT @CNN: As trays with bologna sandwiches and canned fruit are being served to millions of people in America's prisons and jails, US Capito‚Ä¶",2021-02-09 23:19:27,1359280782041374723,LoLo_10_13,,,1966,0,en,Twitter for iPhone,,,False
"RT @TiffanyDCross: Remember- some ppl you just saw in that video are home resting comfortably, or back in their offices (don't believe the‚Ä¶",2021-02-09 23:19:26,1359280777872171011,briallenhopper,,,1426,0,en,Twitter Web App,,,False
"RT @psychedelicheal: Om Mushroom organic supplements for optimal health üçÑüå±‚úåüèΩ Available here: https://t.co/rt1VjeCa9g

#health #Mentalhealth‚Ä¶",2021-02-09 23:19:20,1359280754094714880,elzaphan10,,,1,0,en,,,,False
"Om Mushroom organic supplements for optimal health üçÑüå±‚úåüèΩ Available here: https://t.co/rt1VjeCa9g

#health #Mentalhealth #selfcare #selflove #healthy #mushrooms #food #diet #HealthyLife https://t.co/8PsHeSnHlQ",2021-02-09 23:19:15,1359280730602315776,psychedelicheal,,,1,0,en,Twitter for iPhone,,,False
RT @tomaskenn: ‚ÄúQanon shaman‚Äù who participated in insurrection at U.S. Capitol that left several dead will eat organic food while in jail.‚Ä¶,2021-02-09 23:19:05,1359280688588013569,kylekhastulik,,,226,0,en,Twitter for iPhone,,,False
"RT @CNN: As trays with bologna sandwiches and canned fruit are being served to millions of people in America's prisons and jails, US Capito‚Ä¶",2021-02-09 23:19:04,1359280687631790083,tigergrrldc,,,1966,0,en,Twitter for Android,,,False
RT @tomaskenn: ‚ÄúQanon shaman‚Äù who participated in insurrection at U.S. Capitol that left several dead will eat organic food while in jail.‚Ä¶,2021-02-09 23:19:04,1359280686696435714,OVOhoolz,,,226,0,en,Twitter for iPhone,,,False
"RT @ReneeAlida: Only in America do we reward stupidity with Mexican  vacations,  organic food and lawsuit settlements for using glue on you‚Ä¶",2021-02-09 23:19:01,1359280674172190722,Omega3_KupoNut,,,218,0,en,Twitter Web App,,,False
"RT @TiffanyDCross: Remember- some ppl you just saw in that video are home resting comfortably, or back in their offices (don't believe the‚Ä¶",2021-02-09 23:19:00,1359280668933505024,MoeykensKelly,,,1426,0,en,Twitter for iPhone,,,False
"RT @CNN: As trays with bologna sandwiches and canned fruit are being served to millions of people in America's prisons and jails, US Capito‚Ä¶",2021-02-09 23:18:52,1359280637685886979,youcantrytocopy,,,1966,0,en,Twitter for Android,,,False
RT @tomaskenn: ‚ÄúQanon shaman‚Äù who participated in insurrection at U.S. Capitol that left several dead will eat organic food while in jail.‚Ä¶,2021-02-09 23:18:32,1359280551337881600,KennyFawkes,,,226,0,en,Twitter for iPad,,,False
"RT @FJSEA: @ericgarland And WTF is the FBI DOING WITH IT??? Mob of 30,000 &amp; ~200 arrests??? And these privileged white insurrectionists are‚Ä¶",2021-02-09 23:18:25,1359280523726577670,somepplrk,,,7,0,en,Twitter for iPhone,,,False
"RT @TiffanyDCross: Remember- some ppl you just saw in that video are home resting comfortably, or back in their offices (don't believe the‚Ä¶",2021-02-09 23:18:12,1359280469825777670,RoseMJones6,,,1426,0,en,Twitter Web App,,,False
RT @BELLAL0MBARDI: why isnt there a fast food place that isnt actually fast food but healthy organic vegan food but theres a drive through‚Ä¶,2021-02-09 23:18:04,1359280435881103365,naysmne,,,27,0,en,Twitter for Android,,,False
"RT @CNN: As trays with bologna sandwiches and canned fruit are being served to millions of people in America's prisons and jails, US Capito‚Ä¶",2021-02-09 23:17:54,1359280390847025157,CadoAtx,,,1966,0,en,Twitter for iPhone,,,False
"RT @ReneeAlida: Only in America do we reward stupidity with Mexican  vacations,  organic food and lawsuit settlements for using glue on you‚Ä¶",2021-02-09 23:17:45,1359280355803615242,Jeremy13908177,,,218,0,en,Twitter for Android,,,False
"@BillKristol Of course. Someone from the GOP also mentioned that they were antifa dressed in red MAGA hats. It all makes perfect sense, if you occupy the world of the irrational. I mean, it's quite obvious that this guy is a Democrat! He eats organic food in prison! https://t.co/8CHY0Ba13P",2021-02-09 23:17:01,1359280169136115714,chrisan51147433,,,0,0,en,Twitter for Android,1359277495405735936,2800581040,False
"RT @CNN: As trays with bologna sandwiches and canned fruit are being served to millions of people in America's prisons and jails, US Capito‚Ä¶",2021-02-09 23:16:52,1359280133878775814,monique11841105,,,1966,0,en,Twitter for iPhone,,,False
"RT @TiffanyDCross: Remember- some ppl you just saw in that video are home resting comfortably, or back in their offices (don't believe the‚Ä¶",2021-02-09 23:16:34,1359280057601175554,Darlene35084473,,,1426,0,en,Twitter for Android,,,False
"RT @TiffanyDCross: Remember- some ppl you just saw in that video are home resting comfortably, or back in their offices (don't believe the‚Ä¶",2021-02-09 23:16:16,1359279981529100288,LocdLens,,,1426,0,en,Twitter for iPhone,,,False
"RT @TiffanyDCross: Remember- some ppl you just saw in that video are home resting comfortably, or back in their offices (don't believe the‚Ä¶",2021-02-09 23:16:11,1359279959999709188,Ebunky13,,,1426,0,en,Twitter for Android,,,False
"RT @CNN: As trays with bologna sandwiches and canned fruit are being served to millions of people in America's prisons and jails, US Capito‚Ä¶",2021-02-09 23:16:07,1359279944547799041,billgable,,,1966,0,en,Twitter Web App,,,False
"RT @TiffanyDCross: Remember- some ppl you just saw in that video are home resting comfortably, or back in their offices (don't believe the‚Ä¶",2021-02-09 23:15:57,1359279900511846404,Jhall33569,,,1426,0,en,Twitter for Android,,,False
"@JoshWal03767364 @CNN He is ""their base"".... they don't want to ruffle the feathers of their delicate ""base"". These people are getting organic food and being allowed to go on fekking vacations!!! Do the crime... be prepared to do the damn time! This entitlement has to end! Why can't GOP see this??????",2021-02-09 23:15:47,1359279860737261570,Hyacint99624698,,,0,0,en,Twitter for Android,1358940854358953984,1087129717113647104,False
"@donwinslow And besides, they cannot be incarcerated anywhere there is not organic food",2021-02-09 23:15:28,1359279782416900097,ragwoman,,,0,1,en,Twitter for iPhone,1359248042302443520,255812611,False
"RT @TiffanyDCross: Remember- some ppl you just saw in that video are home resting comfortably, or back in their offices (don't believe the‚Ä¶",2021-02-09 23:14:58,1359279654864105473,annettea55,,,1426,0,en,Twitter for Android,,,False
"RT @CNN: As trays with bologna sandwiches and canned fruit are being served to millions of people in America's prisons and jails, US Capito‚Ä¶",2021-02-09 23:14:50,1359279622173646848,Bullsranch99,,,1966,0,en,Twitter for Android,,,False
@SarahLongshot @TragicallyKip @pobrecheeto @queeersocialist @n0tasoldier You can‚Äôt buy organic food with food stamps? If that doesn‚Äôt tell you something I don‚Äôt know what to tell you...so if you‚Äôre low income you can‚Äôt eat healthy? ü§î,2021-02-09 23:14:29,1359279534000926720,SAlkamist,,,0,1,en,Twitter for iPhone,1359170019905712139,19377355,False
"RT @TiffanyDCross: Remember- some ppl you just saw in that video are home resting comfortably, or back in their offices (don't believe the‚Ä¶",2021-02-09 23:14:22,1359279503990796294,EdStern,,,1426,0,en,Tweetbot for iŒüS,,,False
"RT @NaturalsTriple: https://t.co/Z1XAt34TP6

Yes, You Should Eat Dark Chocolate Daily (Here‚Äôs Why)

Thanks to unhealthy processing methods,‚Ä¶",2021-02-09 23:14:16,1359279478053212160,elzaphan10,,,1,0,en,,,,False
"https://t.co/Z1XAt34TP6

Yes, You Should Eat Dark Chocolate Daily (Here‚Äôs Why)

Thanks to unhealthy processing methods, chocolate has earned a reputation as a ‚Äújunk food.‚Äù While the candy bars lining the supermarket shelf are certainly not good for you, organic, raw dark... https://t.co/961iLL1WGc",2021-02-09 23:14:10,1359279454762262528,NaturalsTriple,,,1,0,en,Twitter Web App,,,False
"RT @TiffanyDCross: Remember- some ppl you just saw in that video are home resting comfortably, or back in their offices (don't believe the‚Ä¶",2021-02-09 23:12:44,1359279091971670021,CMetcalf77,,,1426,0,en,Twitter for iPhone,,,False
"RT @VoLinxx: Terrill Thomas died in April 2016 after being denied water for seven days at Milwaukee County Jail.

Jacob Chansley stormed th‚Ä¶",2021-02-09 23:11:50,1359278866615971840,UnknownVisitor,,,15207,0,en,Twitter for iPhone,,,False
@Retractionmedia @CNNPolitics What religion requires organic food??? What a bunch of BS,2021-02-09 23:11:34,1359278800840912898,SemraGuzman,,,0,0,en,Twitter for iPhone,1358952145433874435,1269660949776158720,False
"@CNN It is infuriating that people who have never committed a crime and who have fallen on  hard times are taking any food they can get and many parents don't eat, so their children can... and this asshat is being provided organic food. I understand dietary restrictions,  this is BS.",2021-02-09 23:11:18,1359278732775669761,Hyacint99624698,,,0,0,en,Twitter for Android,1358940187439599625,759251,False
RT @terahking: Mark Wiens YouTube channel &gt;_____  His passion for Food and culture is so organic. Top tier vlogging. #markwiens https://t.c‚Ä¶,2021-02-09 23:11:09,1359278694402052106,elzaphan10,,,1,0,en,,,,False
Mark Wiens YouTube channel &gt;_____  His passion for Food and culture is so organic. Top tier vlogging. #markwiens https://t.co/RRMpPW3HpP,2021-02-09 23:11:04,1359278671190757389,terahking,,,1,0,en,Twitter for Android,,,False
"RT @CNN: As trays with bologna sandwiches and canned fruit are being served to millions of people in America's prisons and jails, US Capito‚Ä¶",2021-02-09 23:09:56,1359278386095525894,Ripley1971,,,1966,0,en,Twitter for Android,,,False
"RT @VoLinxx: Terrill Thomas died in April 2016 after being denied water for seven days at Milwaukee County Jail.

Jacob Chansley stormed th‚Ä¶",2021-02-09 23:09:55,1359278385487314945,hameed_shahir,,,15207,0,en,Twitter Web App,,,False
"RT @TiffanyDCross: Remember- some ppl you just saw in that video are home resting comfortably, or back in their offices (don't believe the‚Ä¶",2021-02-09 23:09:44,1359278339437989892,MileHighTRM,,,1426,0,en,Twitter for Android,,,False
"RT @TiffanyDCross: Remember- some ppl you just saw in that video are home resting comfortably, or back in their offices (don't believe the‚Ä¶",2021-02-09 23:09:37,1359278309801140224,JasonXHowe,,,1426,0,en,Twitter Web App,,,False
"RT @CNN: As trays with bologna sandwiches and canned fruit are being served to millions of people in America's prisons and jails, US Capito‚Ä¶",2021-02-09 23:09:13,1359278206583455748,DianeLauraNYC,,,1966,0,en,Twitter for iPad,,,False
"RT @TiffanyDCross: Remember- some ppl you just saw in that video are home resting comfortably, or back in their offices (don't believe the‚Ä¶",2021-02-09 23:09:03,1359278167668719616,Jorni21,,,1426,0,en,Twitter for Android,,,False
"RT @CNN: As trays with bologna sandwiches and canned fruit are being served to millions of people in America's prisons and jails, US Capito‚Ä¶",2021-02-09 23:08:51,1359278113293819908,Oldude9,,,1966,0,en,Twitter for iPhone,,,False
"RT @CNN: As trays with bologna sandwiches and canned fruit are being served to millions of people in America's prisons and jails, US Capito‚Ä¶",2021-02-09 23:08:28,1359278018435416065,salud123,,,1966,0,en,Twitter for iPad,,,False
"RT @CNN: As trays with bologna sandwiches and canned fruit are being served to millions of people in America's prisons and jails, US Capito‚Ä¶",2021-02-09 23:08:09,1359277938332430337,Doctorb70,,,1966,0,en,Twitter for iPhone,,,False
RT @BecauseSoftly: @Qbertglock What about Christians who point illegally gifted Glocks at their supporters after helping racist militias wi‚Ä¶,2021-02-09 23:07:53,1359277872041648129,elzaphan10,,,1,0,en,,,,True
"@Qbertglock What about Christians who point illegally gifted Glocks at their supporters after helping racist militias with a coup? I think they are worse than vegans who go to Arbys 

P.S. Why are you shitposting in organic food threads? Kerry Donovan is coming for your seat. https://t.co/d1i7dGY9Vl",2021-02-09 23:07:47,1359277848586907649,BecauseSoftly,,,1,1,en,Twitter Web App,,1347616040797265921,True
"RT @CNN: As trays with bologna sandwiches and canned fruit are being served to millions of people in America's prisons and jails, US Capito‚Ä¶",2021-02-09 23:07:39,1359277811245060100,piptiegirl,,,1966,0,en,Twitter for iPhone,,,False
"RT @TiffanyDCross: Remember- some ppl you just saw in that video are home resting comfortably, or back in their offices (don't believe the‚Ä¶",2021-02-09 23:07:37,1359277804312023044,HerHandsMyHands,,,1426,0,en,Twitter Web App,,,False
